variable,init_month,lead,correlation,nse,crpss,n
peakgate1_Sau,1,1,-0.232,0.232,0.232,31
peakgate1_Sau,1,2,-0.174,0.174,0.174,31
peakgate1_Sau,1,3,-0.019,0.019,0.019,30
peakgate1_Sau,1,4,-0.058,0.058,0.058,30
peakgate1_Sau,1,5,-0.124,0.124,0.124,30
peakgate1_Sau,1,6,-0.446,0.446,0.446,30
peakgate1_Sau,1,7,-0.182,0.182,0.182,30
peakgate1_Sau,2,1,-0.175,0.175,0.175,31
peakgate1_Sau,2,2,0.024,-0.024,-0.024,30
peakgate1_Sau,2,3,-0.066,0.066,0.066,30
peakgate1_Sau,2,4,-0.217,0.217,0.217,30
peakgate1_Sau,2,5,-0.537,0.537,0.537,30
peakgate1_Sau,2,6,-0.16,0.16,0.16,30
peakgate1_Sau,2,7,-0.081,0.081,0.081,30
peakgate1_Sau,3,1,0.081,-0.081,-0.081,30
peakgate1_Sau,3,2,-0.034,0.034,0.034,30
peakgate1_Sau,3,3,-0.169,0.169,0.169,30
peakgate1_Sau,3,4,-0.456,0.456,0.456,30
peakgate1_Sau,3,5,-0.206,0.206,0.206,30
peakgate1_Sau,3,6,-0.041,0.041,0.041,30
peakgate1_Sau,3,7,-0.193,0.193,0.193,30
peakgate1_Sau,4,1,-0.194,0.194,0.194,30
peakgate1_Sau,4,2,-0.176,0.176,0.176,30
peakgate1_Sau,4,3,-0.47,0.47,0.47,30
peakgate1_Sau,4,4,-0.238,0.238,0.238,30
peakgate1_Sau,4,5,-0.078,0.078,0.078,30
peakgate1_Sau,4,6,-0.144,0.144,0.144,30
peakgate1_Sau,4,7,-0.452,0.452,0.452,30
peakgate1_Sau,5,1,-0.155,0.155,0.155,30
peakgate1_Sau,5,2,-0.398,0.398,0.398,30
peakgate1_Sau,5,3,-0.26,0.26,0.26,30
peakgate1_Sau,5,4,-0.108,0.108,0.108,30
peakgate1_Sau,5,5,-0.088,0.088,0.088,30
peakgate1_Sau,5,6,-0.564,0.564,0.564,30
peakgate1_Sau,5,7,-0.52,0.52,0.52,30
peakgate1_Sau,6,1,-0.23,0.23,0.23,30
peakgate1_Sau,6,2,-0.134,0.134,0.134,30
peakgate1_Sau,6,3,-0.083,0.083,0.083,30
peakgate1_Sau,6,4,-0.199,0.199,0.199,30
peakgate1_Sau,6,5,-0.519,0.519,0.519,30
peakgate1_Sau,6,6,-0.586,0.586,0.586,30
peakgate1_Sau,6,7,-0.627,0.627,0.627,30
peakgate1_Sau,7,1,-0.16,0.16,0.16,30
peakgate1_Sau,7,2,-0.148,0.148,0.148,30
peakgate1_Sau,7,3,-0.23,0.23,0.23,30
peakgate1_Sau,7,4,-0.392,0.392,0.392,30
peakgate1_Sau,7,5,-0.628,0.628,0.628,30
peakgate1_Sau,7,6,-0.753,0.753,0.753,30
peakgate1_Sau,7,7,-0.201,0.201,0.201,30
peakgate1_Sau,8,1,-0.072,0.072,0.072,30
peakgate1_Sau,8,2,-0.199,0.199,0.199,30
peakgate1_Sau,8,3,-0.287,0.287,0.287,30
peakgate1_Sau,8,4,-0.631,0.631,0.631,30
peakgate1_Sau,8,5,-0.624,0.624,0.624,30
peakgate1_Sau,8,6,-0.319,0.319,0.319,30
peakgate1_Sau,8,7,0.098,-0.098,-0.098,30
peakgate1_Sau,9,1,-0.191,0.191,0.191,30
peakgate1_Sau,9,2,-0.266,0.266,0.266,30
peakgate1_Sau,9,3,-0.496,0.496,0.496,30
peakgate1_Sau,9,4,-0.703,0.703,0.703,30
peakgate1_Sau,9,5,-0.266,0.266,0.266,30
peakgate1_Sau,9,6,-0.063,0.063,0.063,30
peakgate1_Sau,9,7,0.221,-0.221,-0.221,29
peakgate1_Sau,10,1,-0.337,0.337,0.337,30
peakgate1_Sau,10,2,-0.687,0.687,0.687,30
peakgate1_Sau,10,3,-0.757,0.757,0.757,30
peakgate1_Sau,10,4,-0.26,0.26,0.26,30
peakgate1_Sau,10,5,-0.122,0.122,0.122,30
peakgate1_Sau,10,6,0.09,-0.09,-0.09,29
peakgate1_Sau,10,7,0.073,-0.073,-0.073,29
peakgate1_Sau,11,1,-0.527,0.527,0.527,30
peakgate1_Sau,11,2,-0.757,0.757,0.757,30
peakgate1_Sau,11,3,-0.223,0.223,0.223,30
peakgate1_Sau,11,4,0.131,-0.131,-0.131,30
peakgate1_Sau,11,5,0.121,-0.121,-0.121,29
peakgate1_Sau,11,6,0.035,-0.035,-0.035,29
peakgate1_Sau,11,7,-0.132,0.132,0.132,29
peakgate1_Sau,12,1,-0.757,0.757,0.757,30
peakgate1_Sau,12,2,-0.075,0.075,0.075,30
peakgate1_Sau,12,3,0.036,-0.036,-0.036,30
peakgate1_Sau,12,4,0.094,-0.094,-0.094,29
peakgate1_Sau,12,5,-0.04,0.04,0.04,29
peakgate1_Sau,12,6,-0.115,0.115,0.115,29
peakgate1_Sau,12,7,-0.486,0.486,0.486,29
peakgate2_Sau,1,1,-0.089,0.089,0.089,31
peakgate2_Sau,1,2,-0.068,0.068,0.068,31
peakgate2_Sau,1,3,-0.182,0.182,0.182,30
peakgate2_Sau,1,4,0.377,-0.377,-0.377,30
peakgate2_Sau,1,5,-0.24,0.24,0.24,30
peakgate2_Sau,1,6,-0.101,0.101,0.101,30
peakgate2_Sau,1,7,-0.039,0.039,0.039,30
peakgate2_Sau,2,1,-0.072,0.072,0.072,31
peakgate2_Sau,2,2,-0.222,0.222,0.222,30
peakgate2_Sau,2,3,0.271,-0.271,-0.271,30
peakgate2_Sau,2,4,-0.286,0.286,0.286,30
peakgate2_Sau,2,5,-0.25,0.25,0.25,30
peakgate2_Sau,2,6,-0.084,0.084,0.084,30
peakgate2_Sau,2,7,-0.285,0.285,0.285,30
peakgate2_Sau,3,1,-0.096,0.096,0.096,30
peakgate2_Sau,3,2,0.38,-0.38,-0.38,30
peakgate2_Sau,3,3,-0.265,0.265,0.265,30
peakgate2_Sau,3,4,-0.149,0.149,0.149,30
peakgate2_Sau,3,5,-0.09,0.09,0.09,30
peakgate2_Sau,3,6,-0.227,0.227,0.227,30
peakgate2_Sau,3,7,0.058,-0.058,-0.058,30
peakgate2_Sau,4,1,0.169,-0.169,-0.169,30
peakgate2_Sau,4,2,-0.234,0.234,0.234,30
peakgate2_Sau,4,3,-0.235,0.235,0.235,30
peakgate2_Sau,4,4,-0.107,0.107,0.107,30
peakgate2_Sau,4,5,-0.363,0.363,0.363,30
peakgate2_Sau,4,6,-0.046,0.046,0.046,30
peakgate2_Sau,4,7,0.128,-0.128,-0.128,30
peakgate2_Sau,5,1,-0.401,0.401,0.401,30
peakgate2_Sau,5,2,-0.178,0.178,0.178,30
peakgate2_Sau,5,3,-0.173,0.173,0.173,30
peakgate2_Sau,5,4,-0.279,0.279,0.279,30
peakgate2_Sau,5,5,-0.208,0.208,0.208,30
peakgate2_Sau,5,6,-0.043,0.043,0.043,30
peakgate2_Sau,5,7,0.003,-0.003,-0.003,30
peakgate2_Sau,6,1,-0.165,0.165,0.165,30
peakgate2_Sau,6,2,-0.168,0.168,0.168,30
peakgate2_Sau,6,3,-0.318,0.318,0.318,30
peakgate2_Sau,6,4,-0.263,0.263,0.263,30
peakgate2_Sau,6,5,0.009,-0.009,-0.009,30
peakgate2_Sau,6,6,-0.16,0.16,0.16,30
peakgate2_Sau,6,7,-0.405,0.405,0.405,30
peakgate2_Sau,7,1,-0.251,0.251,0.251,30
peakgate2_Sau,7,2,-0.11,0.11,0.11,30
peakgate2_Sau,7,3,-0.167,0.167,0.167,30
peakgate2_Sau,7,4,-0.175,0.175,0.175,30
peakgate2_Sau,7,5,-0.047,0.047,0.047,30
peakgate2_Sau,7,6,-0.424,0.424,0.424,30
peakgate2_Sau,7,7,-0.204,0.204,0.204,30
peakgate2_Sau,8,1,-0.135,0.135,0.135,30
peakgate2_Sau,8,2,-0.136,0.136,0.136,30
peakgate2_Sau,8,3,-0.273,0.273,0.273,30
peakgate2_Sau,8,4,-0.164,0.164,0.164,30
peakgate2_Sau,8,5,-0.527,0.527,0.527,30
peakgate2_Sau,8,6,-0.117,0.117,0.117,30
peakgate2_Sau,8,7,-0.068,0.068,0.068,30
peakgate2_Sau,9,1,-0.138,0.138,0.138,30
peakgate2_Sau,9,2,-0.012,0.012,0.012,30
peakgate2_Sau,9,3,-0.164,0.164,0.164,30
peakgate2_Sau,9,4,-0.527,0.527,0.527,30
peakgate2_Sau,9,5,-0.162,0.162,0.162,30
peakgate2_Sau,9,6,-0.201,0.201,0.201,30
peakgate2_Sau,9,7,-0.176,0.176,0.176,29
peakgate2_Sau,10,1,0.197,-0.197,-0.197,30
peakgate2_Sau,10,2,-0.324,0.324,0.324,30
peakgate2_Sau,10,3,-0.386,0.386,0.386,30
peakgate2_Sau,10,4,-0.015,0.015,0.015,30
peakgate2_Sau,10,5,-0.197,0.197,0.197,30
peakgate2_Sau,10,6,-0.45,0.45,0.45,29
peakgate2_Sau,10,7,0.017,-0.017,-0.017,29
peakgate2_Sau,11,1,-0.197,0.197,0.197,30
peakgate2_Sau,11,2,-0.202,0.202,0.202,30
peakgate2_Sau,11,3,-0.061,0.061,0.061,30
peakgate2_Sau,11,4,0.053,-0.053,-0.053,30
peakgate2_Sau,11,5,-0.034,0.034,0.034,29
peakgate2_Sau,11,6,0.25,-0.25,-0.25,29
peakgate2_Sau,11,7,-0.284,0.284,0.284,29
peakgate2_Sau,12,1,-0.31,0.31,0.31,30
peakgate2_Sau,12,2,0.012,-0.012,-0.012,30
peakgate2_Sau,12,3,0,0,0,30
peakgate2_Sau,12,4,-0.384,0.384,0.384,29
peakgate2_Sau,12,5,0.101,-0.101,-0.101,29
peakgate2_Sau,12,6,-0.339,0.339,0.339,29
peakgate2_Sau,12,7,-0.202,0.202,0.202,29
peakgate3_Sau,1,1,-0.447,0.447,0.447,27
peakgate3_Sau,1,2,-0.589,0.589,0.589,29
peakgate3_Sau,1,3,-0.248,0.248,0.248,28
peakgate3_Sau,1,4,-0.602,0.602,0.602,28
peakgate3_Sau,1,5,-0.245,0.245,0.245,28
peakgate3_Sau,1,6,-0.006,0.006,0.006,28
peakgate3_Sau,1,7,-0.18,0.18,0.18,28
peakgate3_Sau,2,1,-0.491,0.491,0.491,29
peakgate3_Sau,2,2,-0.435,0.435,0.435,28
peakgate3_Sau,2,3,-0.552,0.552,0.552,28
peakgate3_Sau,2,4,-0.212,0.212,0.212,28
peakgate3_Sau,2,5,0.034,-0.034,-0.034,28
peakgate3_Sau,2,6,-0.226,0.226,0.226,27
peakgate3_Sau,2,7,-0.343,0.343,0.343,26
peakgate3_Sau,3,1,-0.406,0.406,0.406,29
peakgate3_Sau,3,2,-0.652,0.652,0.652,29
peakgate3_Sau,3,3,-0.191,0.191,0.191,29
peakgate3_Sau,3,4,-0.074,0.074,0.074,29
peakgate3_Sau,3,5,-0.296,0.296,0.296,29
peakgate3_Sau,3,6,-0.319,0.319,0.319,27
peakgate3_Sau,3,7,-0.27,0.27,0.27,27
peakgate3_Sau,4,1,-0.608,0.608,0.608,28
peakgate3_Sau,4,2,-0.489,0.489,0.489,28
peakgate3_Sau,4,3,-0.084,0.084,0.084,28
peakgate3_Sau,4,4,-0.421,0.421,0.421,28
peakgate3_Sau,4,5,-0.318,0.318,0.318,27
peakgate3_Sau,4,6,-0.35,0.35,0.35,26
peakgate3_Sau,4,7,-0.124,0.124,0.124,25
peakgate3_Sau,5,1,-0.403,0.403,0.403,28
peakgate3_Sau,5,2,-0.132,0.132,0.132,28
peakgate3_Sau,5,3,-0.274,0.274,0.274,27
peakgate3_Sau,5,4,-0.306,0.306,0.306,26
peakgate3_Sau,5,5,-0.332,0.332,0.332,26
peakgate3_Sau,5,6,-0.16,0.16,0.16,25
peakgate3_Sau,5,7,-0.311,0.311,0.311,25
peakgate3_Sau,6,1,-0.168,0.168,0.168,28
peakgate3_Sau,6,2,-0.341,0.341,0.341,27
peakgate3_Sau,6,3,-0.078,0.078,0.078,26
peakgate3_Sau,6,4,-0.576,0.576,0.576,26
peakgate3_Sau,6,5,-0.085,0.085,0.085,25
peakgate3_Sau,6,6,-0.403,0.403,0.403,25
peakgate3_Sau,6,7,-0.314,0.314,0.314,25
peakgate3_Sau,7,1,-0.234,0.234,0.234,29
peakgate3_Sau,7,2,-0.349,0.349,0.349,28
peakgate3_Sau,7,3,-0.255,0.255,0.255,27
peakgate3_Sau,7,4,-0.039,0.039,0.039,26
peakgate3_Sau,7,5,-0.233,0.233,0.233,26
peakgate3_Sau,7,6,-0.331,0.331,0.331,26
peakgate3_Sau,7,7,-0.573,0.573,0.573,26
peakgate3_Sau,8,1,-0.329,0.329,0.329,27
peakgate3_Sau,8,2,-0.252,0.252,0.252,27
peakgate3_Sau,8,3,-0.046,0.046,0.046,26
peakgate3_Sau,8,4,-0.277,0.277,0.277,26
peakgate3_Sau,8,5,-0.333,0.333,0.333,26
peakgate3_Sau,8,6,-0.525,0.525,0.525,26
peakgate3_Sau,8,7,-0.573,0.573,0.573,26
peakgate3_Sau,9,1,-0.35,0.35,0.35,27
peakgate3_Sau,9,2,-0.086,0.086,0.086,27
peakgate3_Sau,9,3,-0.273,0.273,0.273,26
peakgate3_Sau,9,4,-0.46,0.46,0.46,27
peakgate3_Sau,9,5,-0.571,0.571,0.571,27
peakgate3_Sau,9,6,-0.598,0.598,0.598,27
peakgate3_Sau,9,7,-0.451,0.451,0.451,26
peakgate3_Sau,10,1,-0.153,0.153,0.153,27
peakgate3_Sau,10,2,-0.407,0.407,0.407,27
peakgate3_Sau,10,3,-0.66,0.66,0.66,26
peakgate3_Sau,10,4,-0.658,0.658,0.658,26
peakgate3_Sau,10,5,-0.581,0.581,0.581,26
peakgate3_Sau,10,6,-0.513,0.513,0.513,25
peakgate3_Sau,10,7,-0.699,0.699,0.699,25
peakgate3_Sau,11,1,-0.204,0.204,0.204,27
peakgate3_Sau,11,2,-0.373,0.373,0.373,28
peakgate3_Sau,11,3,-0.324,0.324,0.324,27
peakgate3_Sau,11,4,-0.434,0.434,0.434,28
peakgate3_Sau,11,5,-0.507,0.507,0.507,27
peakgate3_Sau,11,6,-0.588,0.588,0.588,27
peakgate3_Sau,11,7,-0.218,0.218,0.218,27
peakgate3_Sau,12,1,-0.314,0.314,0.314,28
peakgate3_Sau,12,2,-0.416,0.416,0.416,27
peakgate3_Sau,12,3,-0.569,0.569,0.569,27
peakgate3_Sau,12,4,-0.428,0.428,0.428,27
peakgate3_Sau,12,5,-0.625,0.625,0.625,27
peakgate3_Sau,12,6,-0.319,0.319,0.319,27
peakgate3_Sau,12,7,-0.127,0.127,0.127,27
peakgate1_Susqueda,1,1,-0.578,0.578,0.578,30
peakgate1_Susqueda,1,2,-0.331,0.331,0.331,30
peakgate1_Susqueda,1,3,-0.462,0.462,0.462,29
peakgate1_Susqueda,1,4,-0.352,0.352,0.352,29
peakgate1_Susqueda,1,5,-0.222,0.222,0.222,30
peakgate1_Susqueda,1,6,0.056,-0.056,-0.056,30
peakgate1_Susqueda,1,7,0.253,-0.253,-0.253,28
peakgate1_Susqueda,2,1,-0.333,0.333,0.333,31
peakgate1_Susqueda,2,2,-0.376,0.376,0.376,30
peakgate1_Susqueda,2,3,-0.436,0.436,0.436,30
peakgate1_Susqueda,2,4,-0.012,0.012,0.012,30
peakgate1_Susqueda,2,5,0.071,-0.071,-0.071,30
peakgate1_Susqueda,2,6,0.293,-0.293,-0.293,28
peakgate1_Susqueda,2,7,-0.133,0.133,0.133,28
peakgate1_Susqueda,3,1,-0.365,0.365,0.365,30
peakgate1_Susqueda,3,2,-0.329,0.329,0.329,30
peakgate1_Susqueda,3,3,-0.177,0.177,0.177,30
peakgate1_Susqueda,3,4,0.006,-0.006,-0.006,30
peakgate1_Susqueda,3,5,0.276,-0.276,-0.276,28
peakgate1_Susqueda,3,6,-0.102,0.102,0.102,28
peakgate1_Susqueda,3,7,-0.545,0.545,0.545,29
peakgate1_Susqueda,4,1,-0.355,0.355,0.355,29
peakgate1_Susqueda,4,2,-0.181,0.181,0.181,30
peakgate1_Susqueda,4,3,0.052,-0.052,-0.052,30
peakgate1_Susqueda,4,4,0.265,-0.265,-0.265,28
peakgate1_Susqueda,4,5,-0.082,0.082,0.082,28
peakgate1_Susqueda,4,6,-0.593,0.593,0.593,29
peakgate1_Susqueda,4,7,-0.145,0.145,0.145,29
peakgate1_Susqueda,5,1,-0.071,0.071,0.071,30
peakgate1_Susqueda,5,2,0.009,-0.009,-0.009,30
peakgate1_Susqueda,5,3,0.282,-0.282,-0.282,28
peakgate1_Susqueda,5,4,-0.108,0.108,0.108,28
peakgate1_Susqueda,5,5,-0.596,0.596,0.596,29
peakgate1_Susqueda,5,6,-0.126,0.126,0.126,29
peakgate1_Susqueda,5,7,-0.369,0.369,0.369,29
peakgate1_Susqueda,6,1,-0.265,0.265,0.265,30
peakgate1_Susqueda,6,2,0.146,-0.146,-0.146,28
peakgate1_Susqueda,6,3,-0.096,0.096,0.096,28
peakgate1_Susqueda,6,4,-0.519,0.519,0.519,29
peakgate1_Susqueda,6,5,-0.122,0.122,0.122,28
peakgate1_Susqueda,6,6,-0.337,0.337,0.337,29
peakgate1_Susqueda,6,7,-0.563,0.563,0.563,29
peakgate1_Susqueda,7,1,0.3,-0.3,-0.3,28
peakgate1_Susqueda,7,2,-0.102,0.102,0.102,28
peakgate1_Susqueda,7,3,-0.606,0.606,0.606,29
peakgate1_Susqueda,7,4,-0.188,0.188,0.188,29
peakgate1_Susqueda,7,5,-0.321,0.321,0.321,30
peakgate1_Susqueda,7,6,-0.538,0.538,0.538,30
peakgate1_Susqueda,7,7,-0.414,0.414,0.414,30
peakgate1_Susqueda,8,1,-0.095,0.095,0.095,28
peakgate1_Susqueda,8,2,-0.547,0.547,0.547,29
peakgate1_Susqueda,8,3,-0.257,0.257,0.257,29
peakgate1_Susqueda,8,4,-0.263,0.263,0.263,30
peakgate1_Susqueda,8,5,-0.514,0.514,0.514,29
peakgate1_Susqueda,8,6,-0.452,0.452,0.452,29
peakgate1_Susqueda,8,7,-0.318,0.318,0.318,29
peakgate1_Susqueda,9,1,-0.614,0.614,0.614,29
peakgate1_Susqueda,9,2,-0.231,0.231,0.231,29
peakgate1_Susqueda,9,3,-0.284,0.284,0.284,30
peakgate1_Susqueda,9,4,-0.571,0.571,0.571,29
peakgate1_Susqueda,9,5,-0.508,0.508,0.508,29
peakgate1_Susqueda,9,6,-0.313,0.313,0.313,29
peakgate1_Susqueda,9,7,-0.332,0.332,0.332,29
peakgate1_Susqueda,10,1,-0.178,0.178,0.178,29
peakgate1_Susqueda,10,2,-0.287,0.287,0.287,30
peakgate1_Susqueda,10,3,-0.618,0.618,0.618,30
peakgate1_Susqueda,10,4,-0.472,0.472,0.472,30
peakgate1_Susqueda,10,5,-0.261,0.261,0.261,30
peakgate1_Susqueda,10,6,-0.482,0.482,0.482,29
peakgate1_Susqueda,10,7,-0.269,0.269,0.269,28
peakgate1_Susqueda,11,1,-0.255,0.255,0.255,30
peakgate1_Susqueda,11,2,-0.65,0.65,0.65,30
peakgate1_Susqueda,11,3,-0.472,0.472,0.472,30
peakgate1_Susqueda,11,4,-0.315,0.315,0.315,30
peakgate1_Susqueda,11,5,-0.407,0.407,0.407,29
peakgate1_Susqueda,11,6,-0.269,0.269,0.269,28
peakgate1_Susqueda,11,7,-0.175,0.175,0.175,29
peakgate1_Susqueda,12,1,-0.467,0.467,0.467,30
peakgate1_Susqueda,12,2,-0.472,0.472,0.472,30
peakgate1_Susqueda,12,3,-0.315,0.315,0.315,30
peakgate1_Susqueda,12,4,-0.365,0.365,0.365,29
peakgate1_Susqueda,12,5,-0.418,0.418,0.418,28
peakgate1_Susqueda,12,6,-0.251,0.251,0.251,29
peakgate1_Susqueda,12,7,0.076,-0.076,-0.076,29
peakgate2_Susqueda,1,1,-0.252,0.252,0.252,31
peakgate2_Susqueda,1,2,-0.165,0.165,0.165,31
peakgate2_Susqueda,1,3,-0.354,0.354,0.354,30
peakgate2_Susqueda,1,4,-0.623,0.623,0.623,30
peakgate2_Susqueda,1,5,-0.136,0.136,0.136,30
peakgate2_Susqueda,1,6,-0.274,0.274,0.274,30
peakgate2_Susqueda,1,7,0.233,-0.233,-0.233,30
peakgate2_Susqueda,2,1,-0.179,0.179,0.179,31
peakgate2_Susqueda,2,2,-0.224,0.224,0.224,30
peakgate2_Susqueda,2,3,-0.507,0.507,0.507,30
peakgate2_Susqueda,2,4,-0.343,0.343,0.343,30
peakgate2_Susqueda,2,5,-0.377,0.377,0.377,30
peakgate2_Susqueda,2,6,0.137,-0.137,-0.137,30
peakgate2_Susqueda,2,7,-0.088,0.088,0.088,29
peakgate2_Susqueda,3,1,-0.513,0.513,0.513,30
peakgate2_Susqueda,3,2,-0.648,0.648,0.648,30
peakgate2_Susqueda,3,3,-0.403,0.403,0.403,30
peakgate2_Susqueda,3,4,-0.371,0.371,0.371,30
peakgate2_Susqueda,3,5,0.134,-0.134,-0.134,30
peakgate2_Susqueda,3,6,-0.075,0.075,0.075,29
peakgate2_Susqueda,3,7,-0.159,0.159,0.159,30
peakgate2_Susqueda,4,1,-0.44,0.44,0.44,30
peakgate2_Susqueda,4,2,-0.234,0.234,0.234,30
peakgate2_Susqueda,4,3,-0.372,0.372,0.372,30
peakgate2_Susqueda,4,4,0.138,-0.138,-0.138,30
peakgate2_Susqueda,4,5,-0.121,0.121,0.121,29
peakgate2_Susqueda,4,6,-0.221,0.221,0.221,30
peakgate2_Susqueda,4,7,-0.33,0.33,0.33,30
peakgate2_Susqueda,5,1,-0.31,0.31,0.31,30
peakgate2_Susqueda,5,2,-0.363,0.363,0.363,30
peakgate2_Susqueda,5,3,0.087,-0.087,-0.087,30
peakgate2_Susqueda,5,4,-0.109,0.109,0.109,29
peakgate2_Susqueda,5,5,-0.188,0.188,0.188,30
peakgate2_Susqueda,5,6,-0.37,0.37,0.37,30
peakgate2_Susqueda,5,7,-0.663,0.663,0.663,30
peakgate2_Susqueda,6,1,-0.305,0.305,0.305,30
peakgate2_Susqueda,6,2,0.22,-0.22,-0.22,30
peakgate2_Susqueda,6,3,-0.031,0.031,0.031,29
peakgate2_Susqueda,6,4,-0.214,0.214,0.214,30
peakgate2_Susqueda,6,5,-0.279,0.279,0.279,30
peakgate2_Susqueda,6,6,-0.647,0.647,0.647,30
peakgate2_Susqueda,6,7,-0.372,0.372,0.372,30
peakgate2_Susqueda,7,1,0.225,-0.225,-0.225,30
peakgate2_Susqueda,7,2,0.12,-0.12,-0.12,29
peakgate2_Susqueda,7,3,-0.17,0.17,0.17,30
peakgate2_Susqueda,7,4,-0.303,0.303,0.303,30
peakgate2_Susqueda,7,5,-0.705,0.705,0.705,30
peakgate2_Susqueda,7,6,-0.438,0.438,0.438,30
peakgate2_Susqueda,7,7,-0.135,0.135,0.135,30
peakgate2_Susqueda,8,1,0.13,-0.13,-0.13,29
peakgate2_Susqueda,8,2,-0.332,0.332,0.332,30
peakgate2_Susqueda,8,3,-0.299,0.299,0.299,30
peakgate2_Susqueda,8,4,-0.689,0.689,0.689,30
peakgate2_Susqueda,8,5,-0.404,0.404,0.404,30
peakgate2_Susqueda,8,6,-0.471,0.471,0.471,30
peakgate2_Susqueda,8,7,-0.152,0.152,0.152,30
peakgate2_Susqueda,9,1,-0.164,0.164,0.164,30
peakgate2_Susqueda,9,2,-0.287,0.287,0.287,30
peakgate2_Susqueda,9,3,-0.707,0.707,0.707,30
peakgate2_Susqueda,9,4,-0.431,0.431,0.431,30
peakgate2_Susqueda,9,5,-0.149,0.149,0.149,30
peakgate2_Susqueda,9,6,-0.152,0.152,0.152,30
peakgate2_Susqueda,9,7,-0.404,0.404,0.404,29
peakgate2_Susqueda,10,1,-0.295,0.295,0.295,30
peakgate2_Susqueda,10,2,-0.714,0.714,0.714,30
peakgate2_Susqueda,10,3,-0.357,0.357,0.357,30
peakgate2_Susqueda,10,4,-0.149,0.149,0.149,30
peakgate2_Susqueda,10,5,-0.083,0.083,0.083,30
peakgate2_Susqueda,10,6,-0.478,0.478,0.478,29
peakgate2_Susqueda,10,7,-0.56,0.56,0.56,29
peakgate2_Susqueda,11,1,-0.62,0.62,0.62,30
peakgate2_Susqueda,11,2,-0.37,0.37,0.37,30
peakgate2_Susqueda,11,3,-0.198,0.198,0.198,30
peakgate2_Susqueda,11,4,-0.152,0.152,0.152,30
peakgate2_Susqueda,11,5,-0.471,0.471,0.471,29
peakgate2_Susqueda,11,6,-0.587,0.587,0.587,29
peakgate2_Susqueda,11,7,-0.43,0.43,0.43,29
peakgate2_Susqueda,12,1,-0.339,0.339,0.339,30
peakgate2_Susqueda,12,2,-0.149,0.149,0.149,30
peakgate2_Susqueda,12,3,-0.152,0.152,0.152,30
peakgate2_Susqueda,12,4,-0.432,0.432,0.432,29
peakgate2_Susqueda,12,5,-0.542,0.542,0.542,29
peakgate2_Susqueda,12,6,-0.303,0.303,0.303,29
peakgate2_Susqueda,12,7,-0.4,0.4,0.4,29
peakgate3_Susqueda,1,1,-0.308,0.308,0.308,31
peakgate3_Susqueda,1,2,-0.087,0.087,0.087,31
peakgate3_Susqueda,1,3,-0.309,0.309,0.309,30
peakgate3_Susqueda,1,4,-0.231,0.231,0.231,30
peakgate3_Susqueda,1,5,-0.342,0.342,0.342,30
peakgate3_Susqueda,1,6,-0.202,0.202,0.202,30
peakgate3_Susqueda,1,7,0.055,-0.055,-0.055,30
peakgate3_Susqueda,2,1,-0.087,0.087,0.087,31
peakgate3_Susqueda,2,2,-0.04,0.04,0.04,30
peakgate3_Susqueda,2,3,-0.082,0.082,0.082,30
peakgate3_Susqueda,2,4,-0.385,0.385,0.385,30
peakgate3_Susqueda,2,5,-0.23,0.23,0.23,30
peakgate3_Susqueda,2,6,0.085,-0.085,-0.085,30
peakgate3_Susqueda,2,7,0.02,-0.02,-0.02,30
peakgate3_Susqueda,3,1,-0.282,0.282,0.282,30
peakgate3_Susqueda,3,2,-0.003,0.003,0.003,30
peakgate3_Susqueda,3,3,-0.41,0.41,0.41,30
peakgate3_Susqueda,3,4,-0.243,0.243,0.243,30
peakgate3_Susqueda,3,5,0.109,-0.109,-0.109,30
peakgate3_Susqueda,3,6,0.009,-0.009,-0.009,30
peakgate3_Susqueda,3,7,-0.139,0.139,0.139,30
peakgate3_Susqueda,4,1,-0.308,0.308,0.308,30
peakgate3_Susqueda,4,2,-0.39,0.39,0.39,30
peakgate3_Susqueda,4,3,-0.232,0.232,0.232,30
peakgate3_Susqueda,4,4,0.131,-0.131,-0.131,30
peakgate3_Susqueda,4,5,0.014,-0.014,-0.014,30
peakgate3_Susqueda,4,6,-0.2,0.2,0.2,30
peakgate3_Susqueda,4,7,0.198,-0.198,-0.198,30
peakgate3_Susqueda,5,1,-0.553,0.553,0.553,30
peakgate3_Susqueda,5,2,-0.269,0.269,0.269,30
peakgate3_Susqueda,5,3,0.132,-0.132,-0.132,30
peakgate3_Susqueda,5,4,-0.021,0.021,0.021,30
peakgate3_Susqueda,5,5,-0.162,0.162,0.162,30
peakgate3_Susqueda,5,6,-0.035,0.035,0.035,30
peakgate3_Susqueda,5,7,-0.431,0.431,0.431,30
peakgate3_Susqueda,6,1,-0.164,0.164,0.164,30
peakgate3_Susqueda,6,2,0.086,-0.086,-0.086,30
peakgate3_Susqueda,6,3,-0.021,0.021,0.021,30
peakgate3_Susqueda,6,4,-0.189,0.189,0.189,30
peakgate3_Susqueda,6,5,0.025,-0.025,-0.025,30
peakgate3_Susqueda,6,6,-0.4,0.4,0.4,30
peakgate3_Susqueda,6,7,-0.201,0.201,0.201,30
peakgate3_Susqueda,7,1,0.163,-0.163,-0.163,30
peakgate3_Susqueda,7,2,-0.088,0.088,0.088,30
peakgate3_Susqueda,7,3,-0.22,0.22,0.22,30
peakgate3_Susqueda,7,4,-0.055,0.055,0.055,30
peakgate3_Susqueda,7,5,-0.422,0.422,0.422,30
peakgate3_Susqueda,7,6,-0.225,0.225,0.225,30
peakgate3_Susqueda,7,7,-0.194,0.194,0.194,30
peakgate3_Susqueda,8,1,-0.013,0.013,0.013,30
peakgate3_Susqueda,8,2,-0.212,0.212,0.212,30
peakgate3_Susqueda,8,3,-0.009,0.009,0.009,30
peakgate3_Susqueda,8,4,-0.414,0.414,0.414,30
peakgate3_Susqueda,8,5,-0.202,0.202,0.202,30
peakgate3_Susqueda,8,6,-0.164,0.164,0.164,30
peakgate3_Susqueda,8,7,-0.071,0.071,0.071,30
peakgate3_Susqueda,9,1,-0.258,0.258,0.258,30
peakgate3_Susqueda,9,2,0.176,-0.176,-0.176,30
peakgate3_Susqueda,9,3,-0.369,0.369,0.369,30
peakgate3_Susqueda,9,4,-0.21,0.21,0.21,30
peakgate3_Susqueda,9,5,-0.194,0.194,0.194,30
peakgate3_Susqueda,9,6,-0.071,0.071,0.071,30
peakgate3_Susqueda,9,7,-0.162,0.162,0.162,29
peakgate3_Susqueda,10,1,0.205,-0.205,-0.205,30
peakgate3_Susqueda,10,2,-0.385,0.385,0.385,30
peakgate3_Susqueda,10,3,-0.217,0.217,0.217,30
peakgate3_Susqueda,10,4,-0.194,0.194,0.194,30
peakgate3_Susqueda,10,5,0.009,-0.009,-0.009,30
peakgate3_Susqueda,10,6,-0.167,0.167,0.167,29
peakgate3_Susqueda,10,7,-0.039,0.039,0.039,29
peakgate3_Susqueda,11,1,-0.373,0.373,0.373,30
peakgate3_Susqueda,11,2,-0.2,0.2,0.2,30
peakgate3_Susqueda,11,3,-0.311,0.311,0.311,30
peakgate3_Susqueda,11,4,-0.071,0.071,0.071,30
peakgate3_Susqueda,11,5,-0.256,0.256,0.256,29
peakgate3_Susqueda,11,6,-0.045,0.045,0.045,29
peakgate3_Susqueda,11,7,-0.206,0.206,0.206,29
peakgate3_Susqueda,12,1,-0.362,0.362,0.362,30
peakgate3_Susqueda,12,2,-0.194,0.194,0.194,30
peakgate3_Susqueda,12,3,-0.071,0.071,0.071,30
peakgate3_Susqueda,12,4,-0.135,0.135,0.135,29
peakgate3_Susqueda,12,5,-0.132,0.132,0.132,29
peakgate3_Susqueda,12,6,-0.28,0.28,0.28,29
peakgate3_Susqueda,12,7,-0.29,0.29,0.29,29
peakgate4_Susqueda,1,1,0.223,-0.223,-0.223,31
peakgate4_Susqueda,1,2,-0.087,0.087,0.087,31
peakgate4_Susqueda,1,3,-0.232,0.232,0.232,30
peakgate4_Susqueda,1,4,-0.138,0.138,0.138,30
peakgate4_Susqueda,1,5,-0.172,0.172,0.172,30
peakgate4_Susqueda,1,6,-0.259,0.259,0.259,30
peakgate4_Susqueda,1,7,-0.071,0.071,0.071,30
peakgate4_Susqueda,2,1,-0.087,0.087,0.087,31
peakgate4_Susqueda,2,2,-0.131,0.131,0.131,30
peakgate4_Susqueda,2,3,-0.031,0.031,0.031,30
peakgate4_Susqueda,2,4,-0.103,0.103,0.103,30
peakgate4_Susqueda,2,5,-0.264,0.264,0.264,30
peakgate4_Susqueda,2,6,-0.133,0.133,0.133,30
peakgate4_Susqueda,2,7,-0.141,0.141,0.141,30
peakgate4_Susqueda,3,1,-0.342,0.342,0.342,30
peakgate4_Susqueda,3,2,-0.075,0.075,0.075,30
peakgate4_Susqueda,3,3,-0.194,0.194,0.194,30
peakgate4_Susqueda,3,4,-0.271,0.271,0.271,30
peakgate4_Susqueda,3,5,-0.113,0.113,0.113,30
peakgate4_Susqueda,3,6,-0.144,0.144,0.144,30
peakgate4_Susqueda,3,7,-0.086,0.086,0.086,30
peakgate4_Susqueda,4,1,-0.1,0.1,0.1,30
peakgate4_Susqueda,4,2,-0.181,0.181,0.181,30
peakgate4_Susqueda,4,3,-0.266,0.266,0.266,30
peakgate4_Susqueda,4,4,-0.113,0.113,0.113,30
peakgate4_Susqueda,4,5,-0.206,0.206,0.206,30
peakgate4_Susqueda,4,6,-0.071,0.071,0.071,30
peakgate4_Susqueda,4,7,0.041,-0.041,-0.041,30
peakgate4_Susqueda,5,1,-0.276,0.276,0.276,30
peakgate4_Susqueda,5,2,-0.257,0.257,0.257,30
peakgate4_Susqueda,5,3,-0.145,0.145,0.145,30
peakgate4_Susqueda,5,4,-0.177,0.177,0.177,30
peakgate4_Susqueda,5,5,-0.109,0.109,0.109,30
peakgate4_Susqueda,5,6,0.129,-0.129,-0.129,30
peakgate4_Susqueda,5,7,-0.273,0.273,0.273,30
peakgate4_Susqueda,6,1,-0.267,0.267,0.267,30
peakgate4_Susqueda,6,2,-0.085,0.085,0.085,30
peakgate4_Susqueda,6,3,-0.172,0.172,0.172,30
peakgate4_Susqueda,6,4,-0.079,0.079,0.079,30
peakgate4_Susqueda,6,5,0.071,-0.071,-0.071,30
peakgate4_Susqueda,6,6,-0.262,0.262,0.262,30
peakgate4_Susqueda,6,7,0.121,-0.121,-0.121,30
peakgate4_Susqueda,7,1,-0.093,0.093,0.093,30
peakgate4_Susqueda,7,2,-0.189,0.189,0.189,30
peakgate4_Susqueda,7,3,-0.033,0.033,0.033,30
peakgate4_Susqueda,7,4,0.101,-0.101,-0.101,30
peakgate4_Susqueda,7,5,-0.285,0.285,0.285,30
peakgate4_Susqueda,7,6,0.206,-0.206,-0.206,30
peakgate4_Susqueda,7,7,0.126,-0.126,-0.126,30
peakgate4_Susqueda,8,1,-0.205,0.205,0.205,30
peakgate4_Susqueda,8,2,-0.042,0.042,0.042,30
peakgate4_Susqueda,8,3,0.046,-0.046,-0.046,30
peakgate4_Susqueda,8,4,-0.259,0.259,0.259,30
peakgate4_Susqueda,8,5,0.195,-0.195,-0.195,30
peakgate4_Susqueda,8,6,0.225,-0.225,-0.225,30
peakgate4_Susqueda,8,7,-0.274,0.274,0.274,30
peakgate4_Susqueda,9,1,-0.08,0.08,0.08,30
peakgate4_Susqueda,9,2,0.118,-0.118,-0.118,30
peakgate4_Susqueda,9,3,-0.268,0.268,0.268,30
peakgate4_Susqueda,9,4,0.153,-0.153,-0.153,30
peakgate4_Susqueda,9,5,0.166,-0.166,-0.166,30
peakgate4_Susqueda,9,6,0.009,-0.009,-0.009,30
peakgate4_Susqueda,9,7,-0.1,0.1,0.1,29
peakgate4_Susqueda,10,1,0.124,-0.124,-0.124,30
peakgate4_Susqueda,10,2,-0.225,0.225,0.225,30
peakgate4_Susqueda,10,3,0.147,-0.147,-0.147,30
peakgate4_Susqueda,10,4,0.069,-0.069,-0.069,30
peakgate4_Susqueda,10,5,0.009,-0.009,-0.009,30
peakgate4_Susqueda,10,6,-0.219,0.219,0.219,29
peakgate4_Susqueda,10,7,-0.137,0.137,0.137,29
peakgate4_Susqueda,11,1,-0.304,0.304,0.304,30
peakgate4_Susqueda,11,2,0.063,-0.063,-0.063,30
peakgate4_Susqueda,11,3,0.128,-0.128,-0.128,30
peakgate4_Susqueda,11,4,-0.274,0.274,0.274,30
peakgate4_Susqueda,11,5,-0.186,0.186,0.186,29
peakgate4_Susqueda,11,6,-0.101,0.101,0.101,29
peakgate4_Susqueda,11,7,-0.151,0.151,0.151,29
peakgate4_Susqueda,12,1,0.011,-0.011,-0.011,30
peakgate4_Susqueda,12,2,0.055,-0.055,-0.055,30
peakgate4_Susqueda,12,3,-0.071,0.071,0.071,30
peakgate4_Susqueda,12,4,-0.297,0.297,0.297,29
peakgate4_Susqueda,12,5,-0.113,0.113,0.113,29
peakgate4_Susqueda,12,6,-0.123,0.123,0.123,29
peakgate4_Susqueda,12,7,-0.328,0.328,0.328,29
